{"cameraMode":{"drawMode":0,"name":"Shaded","section":"Shading Mode"},"sceneLighting":true,"audioPlay":false,"sceneViewState":{"showFog":true,"showMaterialUpdate":false,"showSkybox":true,"showFlares":true,"showImageEffects":true,"showParticleSystems":true},"in2DMode":false,"pivot":{"x":47.209205627441409,"y":6.022481918334961,"z":36.34872817993164},"rotation":{"x":0.11240452527999878,"y":-0.8782699108123779,"z":0.25331777334213259,"w":0.3896901309490204},"size":13.70633602142334,"orthographic":false}