{"cameraMode":{"drawMode":0,"name":"Shaded","section":"Shading Mode"},"sceneLighting":true,"audioPlay":false,"sceneViewState":{"showFog":true,"showMaterialUpdate":false,"showSkybox":true,"showFlares":true,"showImageEffects":true,"showParticleSystems":true},"in2DMode":false,"pivot":{"x":53.02389907836914,"y":4.480745792388916,"z":37.49843978881836},"rotation":{"x":0.16681016981601716,"y":-0.7746875882148743,"z":0.22848382592201234,"w":0.5655532479286194},"size":0.0857241153717041,"orthographic":false}